北京,,2017-05-11,北京,79.523094
北京,北京,2017-05-11,北京,79.523094
天津,,2017-05-11,天津,59.99375
天津,天津,2017-05-11,天津,59.99375
河北,,2017-05-11,秦皇岛,49.839333,廊坊,46.558323,石家庄,45.28234,唐山,44.340904,张家口,40.879578,保定,36.05365,沧州,35.982227,邯郸,34.47405,邢台,30.100313
河北,石家庄,2017-05-11,秦皇岛,49.839333,廊坊,46.558323,石家庄,45.28234,唐山,44.340904,张家口,40.879578,保定,36.05365,沧州,35.982227,邯郸,34.47405,邢台,30.100313
河北,唐山,2017-05-11,秦皇岛,49.839333,廊坊,46.558323,石家庄,45.28234,唐山,44.340904,张家口,40.879578,保定,36.05365,沧州,35.982227,邯郸,34.47405,邢台,30.100313
河北,秦皇岛,2017-05-11,秦皇岛,49.839333,廊坊,46.558323,石家庄,45.28234,唐山,44.340904,张家口,40.879578,保定,36.05365,沧州,35.982227,邯郸,34.47405,邢台,30.100313
河北,邯郸,2017-05-11,秦皇岛,49.839333,廊坊,46.558323,石家庄,45.28234,唐山,44.340904,张家口,40.879578,保定,36.05365,沧州,35.982227,邯郸,34.47405,邢台,30.100313
河北,邢台,2017-05-11,秦皇岛,49.839333,廊坊,46.558323,石家庄,45.28234,唐山,44.340904,张家口,40.879578,保定,36.05365,沧州,35.982227,邯郸,34.47405,邢台,30.100313
河北,保定,2017-05-11,秦皇岛,49.839333,廊坊,46.558323,石家庄,45.28234,唐山,44.340904,张家口,40.879578,保定,36.05365,沧州,35.982227,邯郸,34.47405,邢台,30.100313
河北,张家口,2017-05-11,秦皇岛,49.839333,廊坊,46.558323,石家庄,45.28234,唐山,44.340904,张家口,40.879578,保定,36.05365,沧州,35.982227,邯郸,34.47405,邢台,30.100313
河北,承德,2017-05-10,秦皇岛,49.959553,廊坊,46.83674,唐山,45.68761,石家庄,45.591248,承德,40.798668,张家口,39.691467,保定,36.364735,沧州,36.234962,邯郸,35.33929,邢台,32.024113
河北,沧州,2017-05-11,秦皇岛,49.839333,廊坊,46.558323,石家庄,45.28234,唐山,44.340904,张家口,40.879578,保定,36.05365,沧州,35.982227,邯郸,34.47405,邢台,30.100313
河北,廊坊,2017-05-11,秦皇岛,49.839333,廊坊,46.558323,石家庄,45.28234,唐山,44.340904,张家口,40.879578,保定,36.05365,沧州,35.982227,邯郸,34.47405,邢台,30.100313
河北,衡水,2017-05-10,秦皇岛,49.959553,廊坊,46.83674,唐山,45.68761,石家庄,45.591248,承德,40.798668,张家口,39.691467,保定,36.364735,沧州,36.234962,邯郸,35.33929,邢台,32.024113
山西,,2017-05-11,太原,59.274876,大同,47.117027,晋中,35.735268,临汾,31.490292,运城,29.507551
山西,太原,2017-05-11,太原,59.274876,大同,47.117027,晋中,35.735268,临汾,31.490292,运城,29.507551
山西,大同,2017-05-11,太原,59.274876,大同,47.117027,晋中,35.735268,临汾,31.490292,运城,29.507551
山西,阳泉,2017-05-10,太原,58.973667,大同,45.99802,临汾,33.387486
山西,长治,2017-05-10,太原,58.973667,大同,45.99802,临汾,33.387486
山西,晋城,2017-05-10,太原,58.973667,大同,45.99802,临汾,33.387486
山西,朔州,2017-05-10,太原,58.973667,大同,45.99802,临汾,33.387486
山西,晋中,2017-05-11,太原,59.274876,大同,47.117027,晋中,35.735268,临汾,31.490292,运城,29.507551
山西,运城,2017-05-11,太原,59.274876,大同,47.117027,晋中,35.735268,临汾,31.490292,运城,29.507551
山西,忻州,2017-05-10,太原,58.973667,大同,45.99802,临汾,33.387486
山西,临汾,2017-05-11,太原,59.274876,大同,47.117027,晋中,35.735268,临汾,31.490292,运城,29.507551
山西,吕梁,2017-05-10,太原,58.973667,大同,45.99802,临汾,33.387486
内蒙古,,2017-05-11,呼和浩特,50.430798,包头,45.983402,呼伦贝尔,44.50713
内蒙古,呼和浩特,2017-05-11,呼和浩特,50.430798,包头,45.983402,呼伦贝尔,44.50713
内蒙古,包头,2017-05-11,呼和浩特,50.430798,包头,45.983402,呼伦贝尔,44.50713
内蒙古,乌海,2017-05-10,呼和浩特,51.307117,包头,45.97557
内蒙古,赤峰,2017-05-10,呼和浩特,51.307117,包头,45.97557
内蒙古,通辽,2017-05-10,呼和浩特,51.307117,包头,45.97557
内蒙古,鄂尔多斯,2017-05-10,呼和浩特,51.307117,包头,45.97557
内蒙古,呼伦贝尔,2017-05-11,呼和浩特,50.430798,包头,45.983402,呼伦贝尔,44.50713
内蒙古,兴安盟,2017-05-10,呼和浩特,51.307117,包头,45.97557
内蒙古,锡林郭勒,2017-05-10,呼和浩特,51.307117,包头,45.97557
内蒙古,乌兰察布,2017-05-10,呼和浩特,51.307117,包头,45.97557
内蒙古,巴彦淖尔,2017-05-10,呼和浩特,51.307117,包头,45.97557
内蒙古,阿拉善,2017-05-10,呼和浩特,51.307117,包头,45.97557
辽宁,,2017-05-11,大连,64.06218,沈阳,55.899635,营口,44.94584,锦州,43.894997,葫芦岛,43.69272,丹东,43.692596,盘锦,41.356544,鞍山,40.697983,抚顺,36.502766
辽宁,沈阳,2017-05-11,大连,64.06218,沈阳,55.899635,营口,44.94584,锦州,43.894997,葫芦岛,43.69272,丹东,43.692596,盘锦,41.356544,鞍山,40.697983,抚顺,36.502766
辽宁,大连,2017-05-11,大连,64.06218,沈阳,55.899635,营口,44.94584,锦州,43.894997,葫芦岛,43.69272,丹东,43.692596,盘锦,41.356544,鞍山,40.697983,抚顺,36.502766
辽宁,鞍山,2017-05-11,大连,64.06218,沈阳,55.899635,营口,44.94584,锦州,43.894997,葫芦岛,43.69272,丹东,43.692596,盘锦,41.356544,鞍山,40.697983,抚顺,36.502766
辽宁,抚顺,2017-05-11,大连,64.06218,沈阳,55.899635,营口,44.94584,锦州,43.894997,葫芦岛,43.69272,丹东,43.692596,盘锦,41.356544,鞍山,40.697983,抚顺,36.502766
辽宁,本溪,2017-05-10,大连,64.292564,沈阳,56.676277,营口,46.08982,葫芦岛,45.454803,丹东,44.496243,锦州,42.217243,鞍山,40.375156,抚顺,35.801598,辽阳,35.141132
辽宁,丹东,2017-05-11,大连,64.06218,沈阳,55.899635,营口,44.94584,锦州,43.894997,葫芦岛,43.69272,丹东,43.692596,盘锦,41.356544,鞍山,40.697983,抚顺,36.502766
辽宁,锦州,2017-05-11,大连,64.06218,沈阳,55.899635,营口,44.94584,锦州,43.894997,葫芦岛,43.69272,丹东,43.692596,盘锦,41.356544,鞍山,40.697983,抚顺,36.502766
辽宁,营口,2017-05-11,大连,64.06218,沈阳,55.899635,营口,44.94584,锦州,43.894997,葫芦岛,43.69272,丹东,43.692596,盘锦,41.356544,鞍山,40.697983,抚顺,36.502766
辽宁,阜新,2017-05-10,大连,64.292564,沈阳,56.676277,营口,46.08982,葫芦岛,45.454803,丹东,44.496243,锦州,42.217243,鞍山,40.375156,抚顺,35.801598,辽阳,35.141132
辽宁,辽阳,2017-05-10,大连,64.292564,沈阳,56.676277,营口,46.08982,葫芦岛,45.454803,丹东,44.496243,锦州,42.217243,鞍山,40.375156,抚顺,35.801598,辽阳,35.141132
辽宁,盘锦,2017-05-11,大连,64.06218,沈阳,55.899635,营口,44.94584,锦州,43.894997,葫芦岛,43.69272,丹东,43.692596,盘锦,41.356544,鞍山,40.697983,抚顺,36.502766
辽宁,铁岭,2017-05-10,大连,64.292564,沈阳,56.676277,营口,46.08982,葫芦岛,45.454803,丹东,44.496243,锦州,42.217243,鞍山,40.375156,抚顺,35.801598,辽阳,35.141132
辽宁,朝阳,2017-05-10,大连,64.292564,沈阳,56.676277,营口,46.08982,葫芦岛,45.454803,丹东,44.496243,锦州,42.217243,鞍山,40.375156,抚顺,35.801598,辽阳,35.141132
辽宁,葫芦岛,2017-05-11,大连,64.06218,沈阳,55.899635,营口,44.94584,锦州,43.894997,葫芦岛,43.69272,丹东,43.692596,盘锦,41.356544,鞍山,40.697983,抚顺,36.502766
吉林,,2017-05-11,长春,57.362446,吉林,40.585133,延吉市,40.28944
吉林,长春,2017-05-11,长春,57.362446,吉林,40.585133,延吉市,40.28944
吉林,吉林,2017-05-11,长春,57.362446,吉林,40.585133,延吉市,40.28944
吉林,四平,2017-05-10,长春,58.670563,延吉市,40.18133,吉林,39.44885
吉林,辽源,2017-05-10,长春,58.670563,延吉市,40.18133,吉林,39.44885
吉林,通化,2017-05-10,长春,58.670563,延吉市,40.18133,吉林,39.44885
吉林,白山,2017-05-10,长春,58.670563,延吉市,40.18133,吉林,39.44885
吉林,松原,2017-05-10,长春,58.670563,延吉市,40.18133,吉林,39.44885
吉林,白城,2017-05-10,长春,58.670563,延吉市,40.18133,吉林,39.44885
吉林,延边,2017-05-10,长春,58.670563,延吉市,40.18133,吉林,39.44885
黑龙江,,2017-05-11,哈尔滨,55.411793,大庆,42.725346,齐齐哈尔,39.55609
黑龙江,哈尔滨,2017-05-11,哈尔滨,55.411793,大庆,42.725346,齐齐哈尔,39.55609
黑龙江,齐齐哈尔,2017-05-11,哈尔滨,55.411793,大庆,42.725346,齐齐哈尔,39.55609
黑龙江,鸡西,2017-05-10,哈尔滨,55.490685,大庆,42.761776,齐齐哈尔,40.626507
黑龙江,鹤岗,2017-05-10,哈尔滨,55.490685,大庆,42.761776,齐齐哈尔,40.626507
黑龙江,双鸭山,2017-05-10,哈尔滨,55.490685,大庆,42.761776,齐齐哈尔,40.626507
黑龙江,大庆,2017-05-11,哈尔滨,55.411793,大庆,42.725346,齐齐哈尔,39.55609
黑龙江,伊春,2017-05-10,哈尔滨,55.490685,大庆,42.761776,齐齐哈尔,40.626507
黑龙江,佳木斯,2017-05-10,哈尔滨,55.490685,大庆,42.761776,齐齐哈尔,40.626507
黑龙江,七台河,2017-05-10,哈尔滨,55.490685,大庆,42.761776,齐齐哈尔,40.626507
黑龙江,牡丹江,2017-05-10,哈尔滨,55.490685,大庆,42.761776,齐齐哈尔,40.626507
黑龙江,黑河,2017-05-10,哈尔滨,55.490685,大庆,42.761776,齐齐哈尔,40.626507
黑龙江,绥化,2017-05-10,哈尔滨,55.490685,大庆,42.761776,齐齐哈尔,40.626507
黑龙江,大兴安岭,2017-05-10,哈尔滨,55.490685,大庆,42.761776,齐齐哈尔,40.626507
上海,,2017-05-11,上海,89.17037
上海,上海,2017-05-11,上海,89.17037
江苏,,2017-05-11,南京,64.67011,苏州,62.86923,江阴,58.389366,无锡,56.95501,常州,56.17079,常熟,54.76315,张家港,53.157124,南通,52.91415,昆山,52.462772,扬州,50.037876,镇江,48.626556,宜兴,46.319714,淮安,41.503853,泰州,41.464813,盐城,41.276947,连云港,40.540188,徐州,38.610535,宿迁,33.282658
江苏,南京,2017-05-11,南京,64.67011,苏州,62.86923,江阴,58.389366,无锡,56.95501,常州,56.17079,常熟,54.76315,张家港,53.157124,南通,52.91415,昆山,52.462772,扬州,50.037876,镇江,48.626556,宜兴,46.319714,淮安,41.503853,泰州,41.464813,盐城,41.276947,连云港,40.540188,徐州,38.610535,宿迁,33.282658
江苏,苏州,2017-05-11,南京,64.67011,苏州,62.86923,江阴,58.389366,无锡,56.95501,常州,56.17079,常熟,54.76315,张家港,53.157124,南通,52.91415,昆山,52.462772,扬州,50.037876,镇江,48.626556,宜兴,46.319714,淮安,41.503853,泰州,41.464813,盐城,41.276947,连云港,40.540188,徐州,38.610535,宿迁,33.282658
江苏,常熟,2017-05-11,南京,64.67011,苏州,62.86923,江阴,58.389366,无锡,56.95501,常州,56.17079,常熟,54.76315,张家港,53.157124,南通,52.91415,昆山,52.462772,扬州,50.037876,镇江,48.626556,宜兴,46.319714,淮安,41.503853,泰州,41.464813,盐城,41.276947,连云港,40.540188,徐州,38.610535,宿迁,33.282658
江苏,昆山,2017-05-11,南京,64.67011,苏州,62.86923,江阴,58.389366,无锡,56.95501,常州,56.17079,常熟,54.76315,张家港,53.157124,南通,52.91415,昆山,52.462772,扬州,50.037876,镇江,48.626556,宜兴,46.319714,淮安,41.503853,泰州,41.464813,盐城,41.276947,连云港,40.540188,徐州,38.610535,宿迁,33.282658
江苏,张家港,2017-05-11,南京,64.67011,苏州,62.86923,江阴,58.389366,无锡,56.95501,常州,56.17079,常熟,54.76315,张家港,53.157124,南通,52.91415,昆山,52.462772,扬州,50.037876,镇江,48.626556,宜兴,46.319714,淮安,41.503853,泰州,41.464813,盐城,41.276947,连云港,40.540188,徐州,38.610535,宿迁,33.282658
江苏,扬州,2017-05-11,南京,64.67011,苏州,62.86923,江阴,58.389366,无锡,56.95501,常州,56.17079,常熟,54.76315,张家港,53.157124,南通,52.91415,昆山,52.462772,扬州,50.037876,镇江,48.626556,宜兴,46.319714,淮安,41.503853,泰州,41.464813,盐城,41.276947,连云港,40.540188,徐州,38.610535,宿迁,33.282658
江苏,无锡,2017-05-11,南京,64.67011,苏州,62.86923,江阴,58.389366,无锡,56.95501,常州,56.17079,常熟,54.76315,张家港,53.157124,南通,52.91415,昆山,52.462772,扬州,50.037876,镇江,48.626556,宜兴,46.319714,淮安,41.503853,泰州,41.464813,盐城,41.276947,连云港,40.540188,徐州,38.610535,宿迁,33.282658
江苏,江阴,2017-05-11,南京,64.67011,苏州,62.86923,江阴,58.389366,无锡,56.95501,常州,56.17079,常熟,54.76315,张家港,53.157124,南通,52.91415,昆山,52.462772,扬州,50.037876,镇江,48.626556,宜兴,46.319714,淮安,41.503853,泰州,41.464813,盐城,41.276947,连云港,40.540188,徐州,38.610535,宿迁,33.282658
江苏,徐州,2017-05-11,南京,64.67011,苏州,62.86923,江阴,58.389366,无锡,56.95501,常州,56.17079,常熟,54.76315,张家港,53.157124,南通,52.91415,昆山,52.462772,扬州,50.037876,镇江,48.626556,宜兴,46.319714,淮安,41.503853,泰州,41.464813,盐城,41.276947,连云港,40.540188,徐州,38.610535,宿迁,33.282658
江苏,常州,2017-05-11,南京,64.67011,苏州,62.86923,江阴,58.389366,无锡,56.95501,常州,56.17079,常熟,54.76315,张家港,53.157124,南通,52.91415,昆山,52.462772,扬州,50.037876,镇江,48.626556,宜兴,46.319714,淮安,41.503853,泰州,41.464813,盐城,41.276947,连云港,40.540188,徐州,38.610535,宿迁,33.282658
江苏,南通,2017-05-11,南京,64.67011,苏州,62.86923,江阴,58.389366,无锡,56.95501,常州,56.17079,常熟,54.76315,张家港,53.157124,南通,52.91415,昆山,52.462772,扬州,50.037876,镇江,48.626556,宜兴,46.319714,淮安,41.503853,泰州,41.464813,盐城,41.276947,连云港,40.540188,徐州,38.610535,宿迁,33.282658
江苏,连云港,2017-05-11,南京,64.67011,苏州,62.86923,江阴,58.389366,无锡,56.95501,常州,56.17079,常熟,54.76315,张家港,53.157124,南通,52.91415,昆山,52.462772,扬州,50.037876,镇江,48.626556,宜兴,46.319714,淮安,41.503853,泰州,41.464813,盐城,41.276947,连云港,40.540188,徐州,38.610535,宿迁,33.282658
江苏,淮安,2017-05-11,南京,64.67011,苏州,62.86923,江阴,58.389366,无锡,56.95501,常州,56.17079,常熟,54.76315,张家港,53.157124,南通,52.91415,昆山,52.462772,扬州,50.037876,镇江,48.626556,宜兴,46.319714,淮安,41.503853,泰州,41.464813,盐城,41.276947,连云港,40.540188,徐州,38.610535,宿迁,33.282658
江苏,盐城,2017-05-11,南京,64.67011,苏州,62.86923,江阴,58.389366,无锡,56.95501,常州,56.17079,常熟,54.76315,张家港,53.157124,南通,52.91415,昆山,52.462772,扬州,50.037876,镇江,48.626556,宜兴,46.319714,淮安,41.503853,泰州,41.464813,盐城,41.276947,连云港,40.540188,徐州,38.610535,宿迁,33.282658
江苏,镇江,2017-05-11,南京,64.67011,苏州,62.86923,江阴,58.389366,无锡,56.95501,常州,56.17079,常熟,54.76315,张家港,53.157124,南通,52.91415,昆山,52.462772,扬州,50.037876,镇江,48.626556,宜兴,46.319714,淮安,41.503853,泰州,41.464813,盐城,41.276947,连云港,40.540188,徐州,38.610535,宿迁,33.282658
江苏,泰州,2017-05-11,南京,64.67011,苏州,62.86923,江阴,58.389366,无锡,56.95501,常州,56.17079,常熟,54.76315,张家港,53.157124,南通,52.91415,昆山,52.462772,扬州,50.037876,镇江,48.626556,宜兴,46.319714,淮安,41.503853,泰州,41.464813,盐城,41.276947,连云港,40.540188,徐州,38.610535,宿迁,33.282658
江苏,宿迁,2017-05-11,南京,64.67011,苏州,62.86923,江阴,58.389366,无锡,56.95501,常州,56.17079,常熟,54.76315,张家港,53.157124,南通,52.91415,昆山,52.462772,扬州,50.037876,镇江,48.626556,宜兴,46.319714,淮安,41.503853,泰州,41.464813,盐城,41.276947,连云港,40.540188,徐州,38.610535,宿迁,33.282658
浙江,,2017-05-11,杭州,71.203064,舟山,65.338715,温州,62.909904,宁波,61.858685,绍兴,50.526047,义乌,50.257355,嘉兴,49.621033,余姚,49.154846,慈溪,48.8875,湖州,48.863457,台州,48.30117,金华,44.297638,富阳区,42.171253,诸暨,42.092285,丽水,36.51001,衢州,35.474
浙江,杭州,2017-05-11,杭州,71.203064,舟山,65.338715,温州,62.909904,宁波,61.858685,绍兴,50.526047,义乌,50.257355,嘉兴,49.621033,余姚,49.154846,慈溪,48.8875,湖州,48.863457,台州,48.30117,金华,44.297638,富阳区,42.171253,诸暨,42.092285,丽水,36.51001,衢州,35.474
浙江,宁波,2017-05-11,杭州,71.203064,舟山,65.338715,温州,62.909904,宁波,61.858685,绍兴,50.526047,义乌,50.257355,嘉兴,49.621033,余姚,49.154846,慈溪,48.8875,湖州,48.863457,台州,48.30117,金华,44.297638,富阳区,42.171253,诸暨,42.092285,丽水,36.51001,衢州,35.474
浙江,温州,2017-05-11,杭州,71.203064,舟山,65.338715,温州,62.909904,宁波,61.858685,绍兴,50.526047,义乌,50.257355,嘉兴,49.621033,余姚,49.154846,慈溪,48.8875,湖州,48.863457,台州,48.30117,金华,44.297638,富阳区,42.171253,诸暨,42.092285,丽水,36.51001,衢州,35.474
浙江,嘉兴,2017-05-11,杭州,71.203064,舟山,65.338715,温州,62.909904,宁波,61.858685,绍兴,50.526047,义乌,50.257355,嘉兴,49.621033,余姚,49.154846,慈溪,48.8875,湖州,48.863457,台州,48.30117,金华,44.297638,富阳区,42.171253,诸暨,42.092285,丽水,36.51001,衢州,35.474
浙江,湖州,2017-05-11,杭州,71.203064,舟山,65.338715,温州,62.909904,宁波,61.858685,绍兴,50.526047,义乌,50.257355,嘉兴,49.621033,余姚,49.154846,慈溪,48.8875,湖州,48.863457,台州,48.30117,金华,44.297638,富阳区,42.171253,诸暨,42.092285,丽水,36.51001,衢州,35.474
浙江,绍兴,2017-05-11,杭州,71.203064,舟山,65.338715,温州,62.909904,宁波,61.858685,绍兴,50.526047,义乌,50.257355,嘉兴,49.621033,余姚,49.154846,慈溪,48.8875,湖州,48.863457,台州,48.30117,金华,44.297638,富阳区,42.171253,诸暨,42.092285,丽水,36.51001,衢州,35.474
浙江,金华,2017-05-11,杭州,71.203064,舟山,65.338715,温州,62.909904,宁波,61.858685,绍兴,50.526047,义乌,50.257355,嘉兴,49.621033,余姚,49.154846,慈溪,48.8875,湖州,48.863457,台州,48.30117,金华,44.297638,富阳区,42.171253,诸暨,42.092285,丽水,36.51001,衢州,35.474
浙江,衢州,2017-05-11,杭州,71.203064,舟山,65.338715,温州,62.909904,宁波,61.858685,绍兴,50.526047,义乌,50.257355,嘉兴,49.621033,余姚,49.154846,慈溪,48.8875,湖州,48.863457,台州,48.30117,金华,44.297638,富阳区,42.171253,诸暨,42.092285,丽水,36.51001,衢州,35.474
浙江,舟山,2017-05-11,杭州,71.203064,舟山,65.338715,温州,62.909904,宁波,61.858685,绍兴,50.526047,义乌,50.257355,嘉兴,49.621033,余姚,49.154846,慈溪,48.8875,湖州,48.863457,台州,48.30117,金华,44.297638,富阳区,42.171253,诸暨,42.092285,丽水,36.51001,衢州,35.474
浙江,台州,2017-05-11,杭州,71.203064,舟山,65.338715,温州,62.909904,宁波,61.858685,绍兴,50.526047,义乌,50.257355,嘉兴,49.621033,余姚,49.154846,慈溪,48.8875,湖州,48.863457,台州,48.30117,金华,44.297638,富阳区,42.171253,诸暨,42.092285,丽水,36.51001,衢州,35.474
浙江,丽水,2017-05-11,杭州,71.203064,舟山,65.338715,温州,62.909904,宁波,61.858685,绍兴,50.526047,义乌,50.257355,嘉兴,49.621033,余姚,49.154846,慈溪,48.8875,湖州,48.863457,台州,48.30117,金华,44.297638,富阳区,42.171253,诸暨,42.092285,丽水,36.51001,衢州,35.474
安徽,,2017-05-11,合肥,52.99859,蚌埠,42.174736,马鞍山,39.732445,芜湖,38.394413,淮北,34.081535,滁州,31.922367,阜阳,27.277155
安徽,合肥,2017-05-11,合肥,52.99859,蚌埠,42.174736,马鞍山,39.732445,芜湖,38.394413,淮北,34.081535,滁州,31.922367,阜阳,27.277155
安徽,芜湖,2017-05-11,合肥,52.99859,蚌埠,42.174736,马鞍山,39.732445,芜湖,38.394413,淮北,34.081535,滁州,31.922367,阜阳,27.277155
安徽,蚌埠,2017-05-11,合肥,52.99859,蚌埠,42.174736,马鞍山,39.732445,芜湖,38.394413,淮北,34.081535,滁州,31.922367,阜阳,27.277155
安徽,淮南,2017-05-10,合肥,53.097103,蚌埠,42.89887,马鞍山,40.539726,芜湖,39.990356,滁州,33.17931,安庆,31.258947,阜阳,28.586847
安徽,马鞍山,2017-05-11,合肥,52.99859,蚌埠,42.174736,马鞍山,39.732445,芜湖,38.394413,淮北,34.081535,滁州,31.922367,阜阳,27.277155
安徽,淮北,2017-05-11,合肥,52.99859,蚌埠,42.174736,马鞍山,39.732445,芜湖,38.394413,淮北,34.081535,滁州,31.922367,阜阳,27.277155
安徽,铜陵,2017-05-10,合肥,53.097103,蚌埠,42.89887,马鞍山,40.539726,芜湖,39.990356,滁州,33.17931,安庆,31.258947,阜阳,28.586847
安徽,安庆,2017-05-10,合肥,53.097103,蚌埠,42.89887,马鞍山,40.539726,芜湖,39.990356,滁州,33.17931,安庆,31.258947,阜阳,28.586847
安徽,黄山,2017-05-10,合肥,53.097103,蚌埠,42.89887,马鞍山,40.539726,芜湖,39.990356,滁州,33.17931,安庆,31.258947,阜阳,28.586847
安徽,滁州,2017-05-11,合肥,52.99859,蚌埠,42.174736,马鞍山,39.732445,芜湖,38.394413,淮北,34.081535,滁州,31.922367,阜阳,27.277155
安徽,阜阳,2017-05-11,合肥,52.99859,蚌埠,42.174736,马鞍山,39.732445,芜湖,38.394413,淮北,34.081535,滁州,31.922367,阜阳,27.277155
安徽,宿州,2017-05-10,合肥,53.097103,蚌埠,42.89887,马鞍山,40.539726,芜湖,39.990356,滁州,33.17931,安庆,31.258947,阜阳,28.586847
安徽,六安,2017-05-10,合肥,53.097103,蚌埠,42.89887,马鞍山,40.539726,芜湖,39.990356,滁州,33.17931,安庆,31.258947,阜阳,28.586847
安徽,亳州,2017-05-10,合肥,53.097103,蚌埠,42.89887,马鞍山,40.539726,芜湖,39.990356,滁州,33.17931,安庆,31.258947,阜阳,28.586847
安徽,池州,2017-05-10,合肥,53.097103,蚌埠,42.89887,马鞍山,40.539726,芜湖,39.990356,滁州,33.17931,安庆,31.258947,阜阳,28.586847
安徽,宣城,2017-05-10,合肥,53.097103,蚌埠,42.89887,马鞍山,40.539726,芜湖,39.990356,滁州,33.17931,安庆,31.258947,阜阳,28.586847
福建,,2017-05-11,福州,65.16217,厦门,61.10922,晋江,55.981697,泉州,54.17348,莆田,43.04459,漳州,36.296978
福建,晋江,2017-05-11,福州,65.16217,厦门,61.10922,晋江,55.981697,泉州,54.17348,莆田,43.04459,漳州,36.296978
福建,福州,2017-05-11,福州,65.16217,厦门,61.10922,晋江,55.981697,泉州,54.17348,莆田,43.04459,漳州,36.296978
福建,厦门,2017-05-11,福州,65.16217,厦门,61.10922,晋江,55.981697,泉州,54.17348,莆田,43.04459,漳州,36.296978
福建,莆田,2017-05-11,福州,65.16217,厦门,61.10922,晋江,55.981697,泉州,54.17348,莆田,43.04459,漳州,36.296978
福建,三明,2017-05-10,福州,64.99314,厦门,60.779034,晋江,52.90186,泉州,52.105797,莆田,41.166977,漳州,37.61569
福建,泉州,2017-05-11,福州,65.16217,厦门,61.10922,晋江,55.981697,泉州,54.17348,莆田,43.04459,漳州,36.296978
福建,漳州,2017-05-11,福州,65.16217,厦门,61.10922,晋江,55.981697,泉州,54.17348,莆田,43.04459,漳州,36.296978
福建,南平,2017-05-10,福州,64.99314,厦门,60.779034,晋江,52.90186,泉州,52.105797,莆田,41.166977,漳州,37.61569
福建,龙岩,2017-05-10,福州,64.99314,厦门,60.779034,晋江,52.90186,泉州,52.105797,莆田,41.166977,漳州,37.61569
福建,宁德,2017-05-10,福州,64.99314,厦门,60.779034,晋江,52.90186,泉州,52.105797,莆田,41.166977,漳州,37.61569
江西,,2017-05-11,南昌,52.71074,九江,38.708042,赣州,37.17199
江西,南昌,2017-05-11,南昌,52.71074,九江,38.708042,赣州,37.17199
江西,景德镇,2017-05-10,南昌,51.998405,上饶,38.896942,九江,38.78488,赣州,37.228603
江西,萍乡,2017-05-10,南昌,51.998405,上饶,38.896942,九江,38.78488,赣州,37.228603
江西,九江,2017-05-11,南昌,52.71074,九江,38.708042,赣州,37.17199
江西,新余,2017-05-10,南昌,51.998405,上饶,38.896942,九江,38.78488,赣州,37.228603
江西,鹰潭,2017-05-10,南昌,51.998405,上饶,38.896942,九江,38.78488,赣州,37.228603
江西,赣州,2017-05-11,南昌,52.71074,九江,38.708042,赣州,37.17199
江西,吉安,2017-05-10,南昌,51.998405,上饶,38.896942,九江,38.78488,赣州,37.228603
江西,宜春,2017-05-10,南昌,51.998405,上饶,38.896942,九江,38.78488,赣州,37.228603
江西,抚州,2017-05-10,南昌,51.998405,上饶,38.896942,九江,38.78488,赣州,37.228603
江西,上饶,2017-05-10,南昌,51.998405,上饶,38.896942,九江,38.78488,赣州,37.228603
山东,,2017-05-11,青岛,58.94427,济南,52.402412,烟台,47.875664,威海,45.316223,东营,42.27836,淄博,40.366535,日照,38.12734,泰安,37.250404,潍坊,37.023155,济宁,34.903442,德州,33.235924,临沂,32.138115,聊城,31.982105,枣庄,29.883018
山东,青岛,2017-05-11,青岛,58.94427,济南,52.402412,烟台,47.875664,威海,45.316223,东营,42.27836,淄博,40.366535,日照,38.12734,泰安,37.250404,潍坊,37.023155,济宁,34.903442,德州,33.235924,临沂,32.138115,聊城,31.982105,枣庄,29.883018
山东,济南,2017-05-11,青岛,58.94427,济南,52.402412,烟台,47.875664,威海,45.316223,东营,42.27836,淄博,40.366535,日照,38.12734,泰安,37.250404,潍坊,37.023155,济宁,34.903442,德州,33.235924,临沂,32.138115,聊城,31.982105,枣庄,29.883018
山东,淄博,2017-05-11,青岛,58.94427,济南,52.402412,烟台,47.875664,威海,45.316223,东营,42.27836,淄博,40.366535,日照,38.12734,泰安,37.250404,潍坊,37.023155,济宁,34.903442,德州,33.235924,临沂,32.138115,聊城,31.982105,枣庄,29.883018
山东,枣庄,2017-05-11,青岛,58.94427,济南,52.402412,烟台,47.875664,威海,45.316223,东营,42.27836,淄博,40.366535,日照,38.12734,泰安,37.250404,潍坊,37.023155,济宁,34.903442,德州,33.235924,临沂,32.138115,聊城,31.982105,枣庄,29.883018
山东,东营,2017-05-11,青岛,58.94427,济南,52.402412,烟台,47.875664,威海,45.316223,东营,42.27836,淄博,40.366535,日照,38.12734,泰安,37.250404,潍坊,37.023155,济宁,34.903442,德州,33.235924,临沂,32.138115,聊城,31.982105,枣庄,29.883018
山东,烟台,2017-05-11,青岛,58.94427,济南,52.402412,烟台,47.875664,威海,45.316223,东营,42.27836,淄博,40.366535,日照,38.12734,泰安,37.250404,潍坊,37.023155,济宁,34.903442,德州,33.235924,临沂,32.138115,聊城,31.982105,枣庄,29.883018
山东,潍坊,2017-05-11,青岛,58.94427,济南,52.402412,烟台,47.875664,威海,45.316223,东营,42.27836,淄博,40.366535,日照,38.12734,泰安,37.250404,潍坊,37.023155,济宁,34.903442,德州,33.235924,临沂,32.138115,聊城,31.982105,枣庄,29.883018
山东,济宁,2017-05-11,青岛,58.94427,济南,52.402412,烟台,47.875664,威海,45.316223,东营,42.27836,淄博,40.366535,日照,38.12734,泰安,37.250404,潍坊,37.023155,济宁,34.903442,德州,33.235924,临沂,32.138115,聊城,31.982105,枣庄,29.883018
山东,泰安,2017-05-11,青岛,58.94427,济南,52.402412,烟台,47.875664,威海,45.316223,东营,42.27836,淄博,40.366535,日照,38.12734,泰安,37.250404,潍坊,37.023155,济宁,34.903442,德州,33.235924,临沂,32.138115,聊城,31.982105,枣庄,29.883018
山东,威海,2017-05-11,青岛,58.94427,济南,52.402412,烟台,47.875664,威海,45.316223,东营,42.27836,淄博,40.366535,日照,38.12734,泰安,37.250404,潍坊,37.023155,济宁,34.903442,德州,33.235924,临沂,32.138115,聊城,31.982105,枣庄,29.883018
山东,日照,2017-05-11,青岛,58.94427,济南,52.402412,烟台,47.875664,威海,45.316223,东营,42.27836,淄博,40.366535,日照,38.12734,泰安,37.250404,潍坊,37.023155,济宁,34.903442,德州,33.235924,临沂,32.138115,聊城,31.982105,枣庄,29.883018
山东,莱芜,2017-05-10,青岛,58.168297,济南,52.776684,烟台,47.34698,威海,45.3938,东营,42.483944,淄博,41.416145,潍坊,38.493958,日照,38.361435,泰安,37.531265,济宁,35.27886,临沂,34.18228,德州,33.35955,聊城,32.713715
山东,临沂,2017-05-11,青岛,58.94427,济南,52.402412,烟台,47.875664,威海,45.316223,东营,42.27836,淄博,40.366535,日照,38.12734,泰安,37.250404,潍坊,37.023155,济宁,34.903442,德州,33.235924,临沂,32.138115,聊城,31.982105,枣庄,29.883018
山东,德州,2017-05-11,青岛,58.94427,济南,52.402412,烟台,47.875664,威海,45.316223,东营,42.27836,淄博,40.366535,日照,38.12734,泰安,37.250404,潍坊,37.023155,济宁,34.903442,德州,33.235924,临沂,32.138115,聊城,31.982105,枣庄,29.883018
山东,聊城,2017-05-11,青岛,58.94427,济南,52.402412,烟台,47.875664,威海,45.316223,东营,42.27836,淄博,40.366535,日照,38.12734,泰安,37.250404,潍坊,37.023155,济宁,34.903442,德州,33.235924,临沂,32.138115,聊城,31.982105,枣庄,29.883018
山东,滨州,2017-05-10,青岛,58.168297,济南,52.776684,烟台,47.34698,威海,45.3938,东营,42.483944,淄博,41.416145,潍坊,38.493958,日照,38.361435,泰安,37.531265,济宁,35.27886,临沂,34.18228,德州,33.35955,聊城,32.713715
山东,菏泽,2017-05-10,青岛,58.168297,济南,52.776684,烟台,47.34698,威海,45.3938,东营,42.483944,淄博,41.416145,潍坊,38.493958,日照,38.361435,泰安,37.531265,济宁,35.27886,临沂,34.18228,德州,33.35955,聊城,32.713715
河南,,2017-05-11,郑州,48.871944,洛阳,33.177773,开封,32.457043,许昌,29.56084,新乡,29.415941,信阳,28.410913,商丘,27.826668,焦作,26.93469,平顶山,26.555689
河南,郑州,2017-05-11,郑州,48.871944,洛阳,33.177773,开封,32.457043,许昌,29.56084,新乡,29.415941,信阳,28.410913,商丘,27.826668,焦作,26.93469,平顶山,26.555689
河南,开封,2017-05-11,郑州,48.871944,洛阳,33.177773,开封,32.457043,许昌,29.56084,新乡,29.415941,信阳,28.410913,商丘,27.826668,焦作,26.93469,平顶山,26.555689
河南,洛阳,2017-05-11,郑州,48.871944,洛阳,33.177773,开封,32.457043,许昌,29.56084,新乡,29.415941,信阳,28.410913,商丘,27.826668,焦作,26.93469,平顶山,26.555689
河南,平顶山,2017-05-11,郑州,48.871944,洛阳,33.177773,开封,32.457043,许昌,29.56084,新乡,29.415941,信阳,28.410913,商丘,27.826668,焦作,26.93469,平顶山,26.555689
河南,安阳,2017-05-10,郑州,49.858597,开封,33.966408,洛阳,33.60705,许昌,31.882057,南阳,30.174902,新乡,29.65506,商丘,27.920303,焦作,26.97108,平顶山,26.966925
河南,鹤壁,2017-05-10,郑州,49.858597,开封,33.966408,洛阳,33.60705,许昌,31.882057,南阳,30.174902,新乡,29.65506,商丘,27.920303,焦作,26.97108,平顶山,26.966925
河南,新乡,2017-05-11,郑州,48.871944,洛阳,33.177773,开封,32.457043,许昌,29.56084,新乡,29.415941,信阳,28.410913,商丘,27.826668,焦作,26.93469,平顶山,26.555689
河南,焦作,2017-05-11,郑州,48.871944,洛阳,33.177773,开封,32.457043,许昌,29.56084,新乡,29.415941,信阳,28.410913,商丘,27.826668,焦作,26.93469,平顶山,26.555689
河南,濮阳,2017-05-10,郑州,49.858597,开封,33.966408,洛阳,33.60705,许昌,31.882057,南阳,30.174902,新乡,29.65506,商丘,27.920303,焦作,26.97108,平顶山,26.966925
河南,许昌,2017-05-11,郑州,48.871944,洛阳,33.177773,开封,32.457043,许昌,29.56084,新乡,29.415941,信阳,28.410913,商丘,27.826668,焦作,26.93469,平顶山,26.555689
河南,漯河,2017-05-10,郑州,49.858597,开封,33.966408,洛阳,33.60705,许昌,31.882057,南阳,30.174902,新乡,29.65506,商丘,27.920303,焦作,26.97108,平顶山,26.966925
河南,三门峡,2017-05-10,郑州,49.858597,开封,33.966408,洛阳,33.60705,许昌,31.882057,南阳,30.174902,新乡,29.65506,商丘,27.920303,焦作,26.97108,平顶山,26.966925
河南,南阳,2017-05-10,郑州,49.858597,开封,33.966408,洛阳,33.60705,许昌,31.882057,南阳,30.174902,新乡,29.65506,商丘,27.920303,焦作,26.97108,平顶山,26.966925
河南,商丘,2017-05-11,郑州,48.871944,洛阳,33.177773,开封,32.457043,许昌,29.56084,新乡,29.415941,信阳,28.410913,商丘,27.826668,焦作,26.93469,平顶山,26.555689
河南,信阳,2017-05-11,郑州,48.871944,洛阳,33.177773,开封,32.457043,许昌,29.56084,新乡,29.415941,信阳,28.410913,商丘,27.826668,焦作,26.93469,平顶山,26.555689
河南,周口,2017-05-10,郑州,49.858597,开封,33.966408,洛阳,33.60705,许昌,31.882057,南阳,30.174902,新乡,29.65506,商丘,27.920303,焦作,26.97108,平顶山,26.966925
河南,驻马店,2017-05-10,郑州,49.858597,开封,33.966408,洛阳,33.60705,许昌,31.882057,南阳,30.174902,新乡,29.65506,商丘,27.920303,焦作,26.97108,平顶山,26.966925
河南,济源,2017-05-10,郑州,49.858597,开封,33.966408,洛阳,33.60705,许昌,31.882057,南阳,30.174902,新乡,29.65506,商丘,27.920303,焦作,26.97108,平顶山,26.966925
湖北,,2017-05-11,武汉,58.827686,襄阳,40.12102,宜昌,40.076416,荆州,35.16958,孝感,30.099823
湖北,武汉,2017-05-11,武汉,58.827686,襄阳,40.12102,宜昌,40.076416,荆州,35.16958,孝感,30.099823
湖北,黄石,2017-05-10,武汉,58.89952,襄阳,41.88217,宜昌,40.36579,荆州,35.033615,孝感,29.168543
湖北,十堰,2017-05-10,武汉,58.89952,襄阳,41.88217,宜昌,40.36579,荆州,35.033615,孝感,29.168543
湖北,宜昌,2017-05-11,武汉,58.827686,襄阳,40.12102,宜昌,40.076416,荆州,35.16958,孝感,30.099823
湖北,襄阳,2017-05-11,武汉,58.827686,襄阳,40.12102,宜昌,40.076416,荆州,35.16958,孝感,30.099823
湖北,鄂州,2017-05-10,武汉,58.89952,襄阳,41.88217,宜昌,40.36579,荆州,35.033615,孝感,29.168543
湖北,荆门,2017-05-10,武汉,58.89952,襄阳,41.88217,宜昌,40.36579,荆州,35.033615,孝感,29.168543
湖北,孝感,2017-05-11,武汉,58.827686,襄阳,40.12102,宜昌,40.076416,荆州,35.16958,孝感,30.099823
湖北,荆州,2017-05-11,武汉,58.827686,襄阳,40.12102,宜昌,40.076416,荆州,35.16958,孝感,30.099823
湖北,黄冈,2017-05-10,武汉,58.89952,襄阳,41.88217,宜昌,40.36579,荆州,35.033615,孝感,29.168543
湖北,咸宁,2017-05-10,武汉,58.89952,襄阳,41.88217,宜昌,40.36579,荆州,35.033615,孝感,29.168543
湖北,随州,2017-05-10,武汉,58.89952,襄阳,41.88217,宜昌,40.36579,荆州,35.033615,孝感,29.168543
湖北,恩施州,2017-05-10,武汉,58.89952,襄阳,41.88217,宜昌,40.36579,荆州,35.033615,孝感,29.168543
湖北,仙桃,2017-05-10,武汉,58.89952,襄阳,41.88217,宜昌,40.36579,荆州,35.033615,孝感,29.168543
湖北,潜江,2017-05-10,武汉,58.89952,襄阳,41.88217,宜昌,40.36579,荆州,35.033615,孝感,29.168543
湖北,天门,2017-05-10,武汉,58.89952,襄阳,41.88217,宜昌,40.36579,荆州,35.033615,孝感,29.168543
湖北,神农架,2017-05-10,武汉,58.89952,襄阳,41.88217,宜昌,40.36579,荆州,35.033615,孝感,29.168543
湖南,,2017-05-11,长沙,53.95329,岳阳,40.795414,株洲,38.87464,常德,36.38987,郴州,34.581978,湘潭,33.59049,衡阳,31.450665
湖南,株洲,2017-05-11,长沙,53.95329,岳阳,40.795414,株洲,38.87464,常德,36.38987,郴州,34.581978,湘潭,33.59049,衡阳,31.450665
湖南,湘潭,2017-05-11,长沙,53.95329,岳阳,40.795414,株洲,38.87464,常德,36.38987,郴州,34.581978,湘潭,33.59049,衡阳,31.450665
湖南,衡阳,2017-05-11,长沙,53.95329,岳阳,40.795414,株洲,38.87464,常德,36.38987,郴州,34.581978,湘潭,33.59049,衡阳,31.450665
湖南,邵阳,2017-05-10,长沙,53.59236,岳阳,41.942013,株洲,39.523495,常德,37.435383,郴州,35.25353,衡阳,33.03521
湖南,岳阳,2017-05-11,长沙,53.95329,岳阳,40.795414,株洲,38.87464,常德,36.38987,郴州,34.581978,湘潭,33.59049,衡阳,31.450665
湖南,常德,2017-05-11,长沙,53.95329,岳阳,40.795414,株洲,38.87464,常德,36.38987,郴州,34.581978,湘潭,33.59049,衡阳,31.450665
湖南,张家界,2017-05-10,长沙,53.59236,岳阳,41.942013,株洲,39.523495,常德,37.435383,郴州,35.25353,衡阳,33.03521
湖南,益阳,2017-05-10,长沙,53.59236,岳阳,41.942013,株洲,39.523495,常德,37.435383,郴州,35.25353,衡阳,33.03521
湖南,郴州,2017-05-11,长沙,53.95329,岳阳,40.795414,株洲,38.87464,常德,36.38987,郴州,34.581978,湘潭,33.59049,衡阳,31.450665
湖南,永州,2017-05-10,长沙,53.59236,岳阳,41.942013,株洲,39.523495,常德,37.435383,郴州,35.25353,衡阳,33.03521
湖南,怀化,2017-05-10,长沙,53.59236,岳阳,41.942013,株洲,39.523495,常德,37.435383,郴州,35.25353,衡阳,33.03521
湖南,娄底,2017-05-10,长沙,53.59236,岳阳,41.942013,株洲,39.523495,常德,37.435383,郴州,35.25353,衡阳,33.03521
湖南,湘西,2017-05-10,长沙,53.59236,岳阳,41.942013,株洲,39.523495,常德,37.435383,郴州,35.25353,衡阳,33.03521
湖南,长沙,2017-05-11,长沙,53.95329,岳阳,40.795414,株洲,38.87464,常德,36.38987,郴州,34.581978,湘潭,33.59049,衡阳,31.450665
广东,,2017-05-11,深圳,72.02847,广州,60.812527,珠海,60.118786,东莞,49.750134,汕头,48.401352,佛山,47.94294,惠州,45.938477,中山,44.17849,湛江,39.120087,阳江,39.068787,江门,38.22196,揭阳,37.430508,肇庆,37.175674,清远,36.423576,梅州,35.23432,韶关,32.55623,新会,31.817078,茂名,27.635767
广东,广州,2017-05-11,深圳,72.02847,广州,60.812527,珠海,60.118786,东莞,49.750134,汕头,48.401352,佛山,47.94294,惠州,45.938477,中山,44.17849,湛江,39.120087,阳江,39.068787,江门,38.22196,揭阳,37.430508,肇庆,37.175674,清远,36.423576,梅州,35.23432,韶关,32.55623,新会,31.817078,茂名,27.635767
广东,深圳,2017-05-11,深圳,72.02847,广州,60.812527,珠海,60.118786,东莞,49.750134,汕头,48.401352,佛山,47.94294,惠州,45.938477,中山,44.17849,湛江,39.120087,阳江,39.068787,江门,38.22196,揭阳,37.430508,肇庆,37.175674,清远,36.423576,梅州,35.23432,韶关,32.55623,新会,31.817078,茂名,27.635767
广东,韶关,2017-05-11,深圳,72.02847,广州,60.812527,珠海,60.118786,东莞,49.750134,汕头,48.401352,佛山,47.94294,惠州,45.938477,中山,44.17849,湛江,39.120087,阳江,39.068787,江门,38.22196,揭阳,37.430508,肇庆,37.175674,清远,36.423576,梅州,35.23432,韶关,32.55623,新会,31.817078,茂名,27.635767
广东,珠海,2017-05-11,深圳,72.02847,广州,60.812527,珠海,60.118786,东莞,49.750134,汕头,48.401352,佛山,47.94294,惠州,45.938477,中山,44.17849,湛江,39.120087,阳江,39.068787,江门,38.22196,揭阳,37.430508,肇庆,37.175674,清远,36.423576,梅州,35.23432,韶关,32.55623,新会,31.817078,茂名,27.635767
广东,汕头,2017-05-11,深圳,72.02847,广州,60.812527,珠海,60.118786,东莞,49.750134,汕头,48.401352,佛山,47.94294,惠州,45.938477,中山,44.17849,湛江,39.120087,阳江,39.068787,江门,38.22196,揭阳,37.430508,肇庆,37.175674,清远,36.423576,梅州,35.23432,韶关,32.55623,新会,31.817078,茂名,27.635767
广东,佛山,2017-05-11,深圳,72.02847,广州,60.812527,珠海,60.118786,东莞,49.750134,汕头,48.401352,佛山,47.94294,惠州,45.938477,中山,44.17849,湛江,39.120087,阳江,39.068787,江门,38.22196,揭阳,37.430508,肇庆,37.175674,清远,36.423576,梅州,35.23432,韶关,32.55623,新会,31.817078,茂名,27.635767
广东,江门,2017-05-11,深圳,72.02847,广州,60.812527,珠海,60.118786,东莞,49.750134,汕头,48.401352,佛山,47.94294,惠州,45.938477,中山,44.17849,湛江,39.120087,阳江,39.068787,江门,38.22196,揭阳,37.430508,肇庆,37.175674,清远,36.423576,梅州,35.23432,韶关,32.55623,新会,31.817078,茂名,27.635767
广东,湛江,2017-05-11,深圳,72.02847,广州,60.812527,珠海,60.118786,东莞,49.750134,汕头,48.401352,佛山,47.94294,惠州,45.938477,中山,44.17849,湛江,39.120087,阳江,39.068787,江门,38.22196,揭阳,37.430508,肇庆,37.175674,清远,36.423576,梅州,35.23432,韶关,32.55623,新会,31.817078,茂名,27.635767
广东,茂名,2017-05-11,深圳,72.02847,广州,60.812527,珠海,60.118786,东莞,49.750134,汕头,48.401352,佛山,47.94294,惠州,45.938477,中山,44.17849,湛江,39.120087,阳江,39.068787,江门,38.22196,揭阳,37.430508,肇庆,37.175674,清远,36.423576,梅州,35.23432,韶关,32.55623,新会,31.817078,茂名,27.635767
广东,肇庆,2017-05-11,深圳,72.02847,广州,60.812527,珠海,60.118786,东莞,49.750134,汕头,48.401352,佛山,47.94294,惠州,45.938477,中山,44.17849,湛江,39.120087,阳江,39.068787,江门,38.22196,揭阳,37.430508,肇庆,37.175674,清远,36.423576,梅州,35.23432,韶关,32.55623,新会,31.817078,茂名,27.635767
广东,惠州,2017-05-11,深圳,72.02847,广州,60.812527,珠海,60.118786,东莞,49.750134,汕头,48.401352,佛山,47.94294,惠州,45.938477,中山,44.17849,湛江,39.120087,阳江,39.068787,江门,38.22196,揭阳,37.430508,肇庆,37.175674,清远,36.423576,梅州,35.23432,韶关,32.55623,新会,31.817078,茂名,27.635767
广东,梅州,2017-05-11,深圳,72.02847,广州,60.812527,珠海,60.118786,东莞,49.750134,汕头,48.401352,佛山,47.94294,惠州,45.938477,中山,44.17849,湛江,39.120087,阳江,39.068787,江门,38.22196,揭阳,37.430508,肇庆,37.175674,清远,36.423576,梅州,35.23432,韶关,32.55623,新会,31.817078,茂名,27.635767
广东,汕尾,2017-05-10,深圳,71.163,广州,60.57965,珠海,58.490063,汕头,49.871735,东莞,49.24828,佛山,47.65569,惠州,46.170963,中山,43.934814,阳江,40.10878,湛江,38.75992,江门,38.104195,肇庆,37.294086,揭阳,36.985344,梅州,36.194115,清远,36.0434,韶关,33.845455,茂名,27.530577
广东,河源,2017-05-10,深圳,71.163,广州,60.57965,珠海,58.490063,汕头,49.871735,东莞,49.24828,佛山,47.65569,惠州,46.170963,中山,43.934814,阳江,40.10878,湛江,38.75992,江门,38.104195,肇庆,37.294086,揭阳,36.985344,梅州,36.194115,清远,36.0434,韶关,33.845455,茂名,27.530577
广东,阳江,2017-05-11,深圳,72.02847,广州,60.812527,珠海,60.118786,东莞,49.750134,汕头,48.401352,佛山,47.94294,惠州,45.938477,中山,44.17849,湛江,39.120087,阳江,39.068787,江门,38.22196,揭阳,37.430508,肇庆,37.175674,清远,36.423576,梅州,35.23432,韶关,32.55623,新会,31.817078,茂名,27.635767
广东,清远,2017-05-11,深圳,72.02847,广州,60.812527,珠海,60.118786,东莞,49.750134,汕头,48.401352,佛山,47.94294,惠州,45.938477,中山,44.17849,湛江,39.120087,阳江,39.068787,江门,38.22196,揭阳,37.430508,肇庆,37.175674,清远,36.423576,梅州,35.23432,韶关,32.55623,新会,31.817078,茂名,27.635767
广东,东莞,2017-05-11,深圳,72.02847,广州,60.812527,珠海,60.118786,东莞,49.750134,汕头,48.401352,佛山,47.94294,惠州,45.938477,中山,44.17849,湛江,39.120087,阳江,39.068787,江门,38.22196,揭阳,37.430508,肇庆,37.175674,清远,36.423576,梅州,35.23432,韶关,32.55623,新会,31.817078,茂名,27.635767
广东,中山,2017-05-11,深圳,72.02847,广州,60.812527,珠海,60.118786,东莞,49.750134,汕头,48.401352,佛山,47.94294,惠州,45.938477,中山,44.17849,湛江,39.120087,阳江,39.068787,江门,38.22196,揭阳,37.430508,肇庆,37.175674,清远,36.423576,梅州,35.23432,韶关,32.55623,新会,31.817078,茂名,27.635767
广东,潮州,2017-05-10,深圳,71.163,广州,60.57965,珠海,58.490063,汕头,49.871735,东莞,49.24828,佛山,47.65569,惠州,46.170963,中山,43.934814,阳江,40.10878,湛江,38.75992,江门,38.104195,肇庆,37.294086,揭阳,36.985344,梅州,36.194115,清远,36.0434,韶关,33.845455,茂名,27.530577
广东,揭阳,2017-05-11,深圳,72.02847,广州,60.812527,珠海,60.118786,东莞,49.750134,汕头,48.401352,佛山,47.94294,惠州,45.938477,中山,44.17849,湛江,39.120087,阳江,39.068787,江门,38.22196,揭阳,37.430508,肇庆,37.175674,清远,36.423576,梅州,35.23432,韶关,32.55623,新会,31.817078,茂名,27.635767
广东,云浮,2017-05-10,深圳,71.163,广州,60.57965,珠海,58.490063,汕头,49.871735,东莞,49.24828,佛山,47.65569,惠州,46.170963,中山,43.934814,阳江,40.10878,湛江,38.75992,江门,38.104195,肇庆,37.294086,揭阳,36.985344,梅州,36.194115,清远,36.0434,韶关,33.845455,茂名,27.530577
广西,,2017-05-11,南宁,46.31736,桂林,46.14069,北海,44.805065,柳州,35.97524
广西,南宁,2017-05-11,南宁,46.31736,桂林,46.14069,北海,44.805065,柳州,35.97524
广西,柳州,2017-05-11,南宁,46.31736,桂林,46.14069,北海,44.805065,柳州,35.97524
广西,桂林,2017-05-11,南宁,46.31736,桂林,46.14069,北海,44.805065,柳州,35.97524
广西,梧州,2017-05-10,桂林,46.81414,南宁,46.471176,北海,45.771,柳州,35.937275
广西,北海,2017-05-11,南宁,46.31736,桂林,46.14069,北海,44.805065,柳州,35.97524
广西,防城港,2017-05-10,桂林,46.81414,南宁,46.471176,北海,45.771,柳州,35.937275
广西,钦州,2017-05-10,桂林,46.81414,南宁,46.471176,北海,45.771,柳州,35.937275
广西,贵港,2017-05-10,桂林,46.81414,南宁,46.471176,北海,45.771,柳州,35.937275
广西,玉林,2017-05-10,桂林,46.81414,南宁,46.471176,北海,45.771,柳州,35.937275
广西,百色,2017-05-10,桂林,46.81414,南宁,46.471176,北海,45.771,柳州,35.937275
广西,贺州,2017-05-10,桂林,46.81414,南宁,46.471176,北海,45.771,柳州,35.937275
广西,河池,2017-05-10,桂林,46.81414,南宁,46.471176,北海,45.771,柳州,35.937275
广西,崇左,2017-05-10,桂林,46.81414,南宁,46.471176,北海,45.771,柳州,35.937275
广西,来宾,2017-05-10,桂林,46.81414,南宁,46.471176,北海,45.771,柳州,35.937275
海南,,2017-05-11,三亚,92.82965,海口,50.46238
海南,海口,2017-05-11,三亚,92.82965,海口,50.46238
海南,三亚,2017-05-11,三亚,92.82965,海口,50.46238
海南,儋州,2017-05-10,三亚,94.20541,海口,50.734562
海南,白沙,2017-05-10,三亚,94.20541,海口,50.734562
海南,保亭,2017-05-10,三亚,94.20541,海口,50.734562
海南,昌江,2017-05-10,三亚,94.20541,海口,50.734562
海南,澄迈,2017-05-10,三亚,94.20541,海口,50.734562
海南,定安,2017-05-10,三亚,94.20541,海口,50.734562
海南,东方,2017-05-10,三亚,94.20541,海口,50.734562
海南,乐东,2017-05-10,三亚,94.20541,海口,50.734562
海南,临高,2017-05-10,三亚,94.20541,海口,50.734562
海南,陵水,2017-05-10,三亚,94.20541,海口,50.734562
海南,琼海,2017-05-10,三亚,94.20541,海口,50.734562
海南,屯昌,2017-05-10,三亚,94.20541,海口,50.734562
海南,万宁,2017-05-10,三亚,94.20541,海口,50.734562
海南,文昌,2017-05-10,三亚,94.20541,海口,50.734562
海南,五指山,2017-05-10,三亚,94.20541,海口,50.734562
重庆,,2017-05-11,重庆,56.056835
重庆,重庆,2017-05-11,重庆,56.056835
四川,,2017-05-11,成都,62.93841,绵阳,44.362926,泸州,41.260765,南充,38.824936,德阳,38.70977,宜宾,37.935513,乐山,35.516468
四川,成都,2017-05-11,成都,62.93841,绵阳,44.362926,泸州,41.260765,南充,38.824936,德阳,38.70977,宜宾,37.935513,乐山,35.516468
四川,自贡,2017-05-10,成都,63.70782,绵阳,44.49699,泸州,41.244267,德阳,38.662827,南充,38.33692,宜宾,38.170265,乐山,36.596893
四川,攀枝花,2017-05-10,成都,63.70782,绵阳,44.49699,泸州,41.244267,德阳,38.662827,南充,38.33692,宜宾,38.170265,乐山,36.596893
四川,泸州,2017-05-11,成都,62.93841,绵阳,44.362926,泸州,41.260765,南充,38.824936,德阳,38.70977,宜宾,37.935513,乐山,35.516468
四川,德阳,2017-05-11,成都,62.93841,绵阳,44.362926,泸州,41.260765,南充,38.824936,德阳,38.70977,宜宾,37.935513,乐山,35.516468
四川,绵阳,2017-05-11,成都,62.93841,绵阳,44.362926,泸州,41.260765,南充,38.824936,德阳,38.70977,宜宾,37.935513,乐山,35.516468
四川,广元,2017-05-10,成都,63.70782,绵阳,44.49699,泸州,41.244267,德阳,38.662827,南充,38.33692,宜宾,38.170265,乐山,36.596893
四川,遂宁,2017-05-10,成都,63.70782,绵阳,44.49699,泸州,41.244267,德阳,38.662827,南充,38.33692,宜宾,38.170265,乐山,36.596893
四川,内江,2017-05-10,成都,63.70782,绵阳,44.49699,泸州,41.244267,德阳,38.662827,南充,38.33692,宜宾,38.170265,乐山,36.596893
四川,乐山,2017-05-11,成都,62.93841,绵阳,44.362926,泸州,41.260765,南充,38.824936,德阳,38.70977,宜宾,37.935513,乐山,35.516468
四川,南充,2017-05-11,成都,62.93841,绵阳,44.362926,泸州,41.260765,南充,38.824936,德阳,38.70977,宜宾,37.935513,乐山,35.516468
四川,眉山,2017-05-10,成都,63.70782,绵阳,44.49699,泸州,41.244267,德阳,38.662827,南充,38.33692,宜宾,38.170265,乐山,36.596893
四川,宜宾,2017-05-11,成都,62.93841,绵阳,44.362926,泸州,41.260765,南充,38.824936,德阳,38.70977,宜宾,37.935513,乐山,35.516468
四川,广安,2017-05-10,成都,63.70782,绵阳,44.49699,泸州,41.244267,德阳,38.662827,南充,38.33692,宜宾,38.170265,乐山,36.596893
四川,达州,2017-05-10,成都,63.70782,绵阳,44.49699,泸州,41.244267,德阳,38.662827,南充,38.33692,宜宾,38.170265,乐山,36.596893
四川,雅安,2017-05-10,成都,63.70782,绵阳,44.49699,泸州,41.244267,德阳,38.662827,南充,38.33692,宜宾,38.170265,乐山,36.596893
四川,巴中,2017-05-10,成都,63.70782,绵阳,44.49699,泸州,41.244267,德阳,38.662827,南充,38.33692,宜宾,38.170265,乐山,36.596893
四川,资阳,2017-05-10,成都,63.70782,绵阳,44.49699,泸州,41.244267,德阳,38.662827,南充,38.33692,宜宾,38.170265,乐山,36.596893
四川,阿坝,2017-05-10,成都,63.70782,绵阳,44.49699,泸州,41.244267,德阳,38.662827,南充,38.33692,宜宾,38.170265,乐山,36.596893
四川,甘孜州,2017-05-10,成都,63.70782,绵阳,44.49699,泸州,41.244267,德阳,38.662827,南充,38.33692,宜宾,38.170265,乐山,36.596893
四川,凉山,2017-05-10,成都,63.70782,绵阳,44.49699,泸州,41.244267,德阳,38.662827,南充,38.33692,宜宾,38.170265,乐山,36.596893
贵州,,2017-05-11,贵阳,53.481747,遵义,37.41633
贵州,贵阳,2017-05-11,贵阳,53.481747,遵义,37.41633
贵州,六盘水,2017-05-10,贵阳,53.80647,遵义,38.791313
贵州,遵义,2017-05-11,贵阳,53.481747,遵义,37.41633
贵州,安顺,2017-05-10,贵阳,53.80647,遵义,38.791313
贵州,铜仁,2017-05-10,贵阳,53.80647,遵义,38.791313
贵州,黔西南,2017-05-10,贵阳,53.80647,遵义,38.791313
贵州,毕节,2017-05-10,贵阳,53.80647,遵义,38.791313
贵州,黔东南,2017-05-10,贵阳,53.80647,遵义,38.791313
贵州,黔南,2017-05-10,贵阳,53.80647,遵义,38.791313
云南,,2017-05-11,昆明,53.830853,大理州,50.02706,丽江,48.28857
云南,昆明,2017-05-11,昆明,53.830853,大理州,50.02706,丽江,48.28857
云南,曲靖,2017-05-10,昆明,54.617157,大理州,50.445164,丽江,47.894855
云南,玉溪,2017-05-10,昆明,54.617157,大理州,50.445164,丽江,47.894855
云南,保山,2017-05-10,昆明,54.617157,大理州,50.445164,丽江,47.894855
云南,昭通,2017-05-10,昆明,54.617157,大理州,50.445164,丽江,47.894855
云南,楚雄州,2017-05-10,昆明,54.617157,大理州,50.445164,丽江,47.894855
云南,红河,2017-05-10,昆明,54.617157,大理州,50.445164,丽江,47.894855
云南,文山州,2017-05-10,昆明,54.617157,大理州,50.445164,丽江,47.894855
云南,普洱,2017-05-10,昆明,54.617157,大理州,50.445164,丽江,47.894855
云南,西双版纳,2017-05-10,昆明,54.617157,大理州,50.445164,丽江,47.894855
云南,大理,2017-05-11,昆明,53.830853,大理州,50.02706,丽江,48.28857
云南,德宏,2017-05-10,昆明,54.617157,大理州,50.445164,丽江,47.894855
云南,丽江,2017-05-11,昆明,53.830853,大理州,50.02706,丽江,48.28857
云南,怒江,2017-05-10,昆明,54.617157,大理州,50.445164,丽江,47.894855
云南,迪庆,2017-05-10,昆明,54.617157,大理州,50.445164,丽江,47.894855
云南,临沧,2017-05-10,昆明,54.617157,大理州,50.445164,丽江,47.894855
西藏,,2017-05-11
西藏,拉萨,2017-05-10
西藏,昌都,2017-05-10
西藏,山南,2017-05-10
西藏,日喀则,2017-05-10
西藏,那曲,2017-05-10
西藏,阿里,2017-05-10
西藏,林芝,2017-05-10
陕西,,2017-05-11,西安,55.765823,咸阳,37.12571,宝鸡,35.45796,渭南,27.730822
陕西,西安,2017-05-11,西安,55.765823,咸阳,37.12571,宝鸡,35.45796,渭南,27.730822
陕西,铜川,2017-05-10,西安,55.930847,咸阳,35.96166,宝鸡,35.21961,汉中,33.55273,渭南,27.043066
陕西,宝鸡,2017-05-11,西安,55.765823,咸阳,37.12571,宝鸡,35.45796,渭南,27.730822
陕西,咸阳,2017-05-11,西安,55.765823,咸阳,37.12571,宝鸡,35.45796,渭南,27.730822
陕西,渭南,2017-05-11,西安,55.765823,咸阳,37.12571,宝鸡,35.45796,渭南,27.730822
陕西,延安,2017-05-10,西安,55.930847,咸阳,35.96166,宝鸡,35.21961,汉中,33.55273,渭南,27.043066
陕西,汉中,2017-05-10,西安,55.930847,咸阳,35.96166,宝鸡,35.21961,汉中,33.55273,渭南,27.043066
陕西,榆林,2017-05-10,西安,55.930847,咸阳,35.96166,宝鸡,35.21961,汉中,33.55273,渭南,27.043066
陕西,安康,2017-05-10,西安,55.930847,咸阳,35.96166,宝鸡,35.21961,汉中,33.55273,渭南,27.043066
陕西,商洛,2017-05-10,西安,55.930847,咸阳,35.96166,宝鸡,35.21961,汉中,33.55273,渭南,27.043066
甘肃,,2017-05-11,兰州,48.28791
甘肃,兰州,2017-05-11,兰州,48.28791
甘肃,嘉峪关,2017-05-10,兰州,47.496758
甘肃,金昌,2017-05-10,兰州,47.496758
甘肃,白银,2017-05-10,兰州,47.496758
甘肃,天水,2017-05-10,兰州,47.496758
甘肃,武威,2017-05-10,兰州,47.496758
甘肃,张掖,2017-05-10,兰州,47.496758
甘肃,平凉,2017-05-10,兰州,47.496758
甘肃,酒泉,2017-05-10,兰州,47.496758
甘肃,庆阳,2017-05-10,兰州,47.496758
甘肃,定西,2017-05-10,兰州,47.496758
甘肃,陇南,2017-05-10,兰州,47.496758
甘肃,临夏州,2017-05-10,兰州,47.496758
甘肃,甘南,2017-05-10,兰州,47.496758
青海,,2017-05-11,西宁,46.145138
青海,西宁,2017-05-11,西宁,46.145138
青海,海东,2017-05-10,西宁,47.28808
青海,海北,2017-05-10,西宁,47.28808
青海,黄南,2017-05-10,西宁,47.28808
青海,果洛,2017-05-10,西宁,47.28808
青海,玉树,2017-05-10,西宁,47.28808
青海,海西,2017-05-10,西宁,47.28808
青海,海南州,2017-05-10,西宁,47.28808
宁夏,,2017-05-11,银川,51.26059
宁夏,银川,2017-05-11,银川,51.26059
